Workbook

Sheet Agent_Summary
A1: Agent Performance Summary
A2: Source: Agent_Logs_Raw (agent_interaction_logs.csv), 400 interactions
A4: Agent | B4: Calls | C4: Avg Latency (ms) | D4: Avg Tokens | E4: Avg Rating | F4: Escalations | G4: Escalation %
A5: Adverse Event Triage Agent | B5: =COUNTIF(Agent_Logs_Raw!F2:F401,A5) -> 71 | C5: =ROUND(AVERAGEIF(Agent_Logs_Raw!F2:F401,A5,Agent_Logs_Raw!I2:I401),0) -> 1426 | D5: =ROUND(AVERAGEIF(Agent_Logs_Raw!F2:F401,A5,Agent_Logs_Raw!J2:J401),0) -> 3719 | E5: =ROUND(AVERAGEIF(Agent_Logs_Raw!F2:F401,A5,Agent_Logs_Raw!K2:K401),2) -> 4.08 | F5: =COUNTIFS(Agent_Logs_Raw!F2:F401,A5,Agent_Logs_Raw!L2:L401,TRUE()) -> 13 | G5: =ROUND(F5/B5*100,1) -> 18.3
A6: Compound Similarity Agent | B6: =COUNTIF(Agent_Logs_Raw!F2:F401,A6) -> 70 | C6: =ROUND(AVERAGEIF(Agent_Logs_Raw!F2:F401,A6,Agent_Logs_Raw!I2:I401),0) -> 1379 | D6: =ROUND(AVERAGEIF(Agent_Logs_Raw!F2:F401,A6,Agent_Logs_Raw!J2:J401),0) -> 3339 | E6: =ROUND(AVERAGEIF(Agent_Logs_Raw!F2:F401,A6,Agent_Logs_Raw!K2:K401),2) -> 4.1 | F6: =COUNTIFS(Agent_Logs_Raw!F2:F401,A6,Agent_Logs_Raw!L2:L401,TRUE()) -> 0 | G6: =ROUND(F6/B6*100,1) -> 0
A7: Literature & Document Research Agent | B7: =COUNTIF(Agent_Logs_Raw!F2:F401,A7) -> 64 | C7: =ROUND(AVERAGEIF(Agent_Logs_Raw!F2:F401,A7,Agent_Logs_Raw!I2:I401),0) -> 1572 | D7: =ROUND(AVERAGEIF(Agent_Logs_Raw!F2:F401,A7,Agent_Logs_Raw!J2:J401),0) -> 3194 | E7: =ROUND(AVERAGEIF(Agent_Logs_Raw!F2:F401,A7,Agent_Logs_Raw!K2:K401),2) -> 4.11 | F7: =COUNTIFS(Agent_Logs_Raw!F2:F401,A7,Agent_Logs_Raw!L2:L401,TRUE()) -> 0 | G7: =ROUND(F7/B7*100,1) -> 0
A8: Report Writer Agent | B8: =COUNTIF(Agent_Logs_Raw!F2:F401,A8) -> 62 | C8: =ROUND(AVERAGEIF(Agent_Logs_Raw!F2:F401,A8,Agent_Logs_Raw!I2:I401),0) -> 1480 | D8: =ROUND(AVERAGEIF(Agent_Logs_Raw!F2:F401,A8,Agent_Logs_Raw!J2:J401),0) -> 3671 | E8: =ROUND(AVERAGEIF(Agent_Logs_Raw!F2:F401,A8,Agent_Logs_Raw!K2:K401),2) -> 4.11 | F8: =COUNTIFS(Agent_Logs_Raw!F2:F401,A8,Agent_Logs_Raw!L2:L401,TRUE()) -> 0 | G8: =ROUND(F8/B8*100,1) -> 0
A9: Router / Planner Agent | B9: =COUNTIF(Agent_Logs_Raw!F2:F401,A9) -> 62 | C9: =ROUND(AVERAGEIF(Agent_Logs_Raw!F2:F401,A9,Agent_Logs_Raw!I2:I401),0) -> 1313 | D9: =ROUND(AVERAGEIF(Agent_Logs_Raw!F2:F401,A9,Agent_Logs_Raw!J2:J401),0) -> 3122 | E9: =ROUND(AVERAGEIF(Agent_Logs_Raw!F2:F401,A9,Agent_Logs_Raw!K2:K401),2) -> 4.19 | F9: =COUNTIFS(Agent_Logs_Raw!F2:F401,A9,Agent_Logs_Raw!L2:L401,TRUE()) -> 0 | G9: =ROUND(F9/B9*100,1) -> 0
A10: Trial Data Analyst Agent | B10: =COUNTIF(Agent_Logs_Raw!F2:F401,A10) -> 71 | C10: =ROUND(AVERAGEIF(Agent_Logs_Raw!F2:F401,A10,Agent_Logs_Raw!I2:I401),0) -> 1453 | D10: =ROUND(AVERAGEIF(Agent_Logs_Raw!F2:F401,A10,Agent_Logs_Raw!J2:J401),0) -> 3384 | E10: =ROUND(AVERAGEIF(Agent_Logs_Raw!F2:F401,A10,Agent_Logs_Raw!K2:K401),2) -> 4.3 | F10: =COUNTIFS(Agent_Logs_Raw!F2:F401,A10,Agent_Logs_Raw!L2:L401,TRUE()) -> 0 | G10: =ROUND(F10/B10*100,1) -> 0
A13: Tool Usage Summary
A14: Tool | B14: Calls | C14: Avg Latency (ms) | D14: Max Latency (ms)
A15: ae_severity_classifier_tool | B15: =COUNTIF(Agent_Logs_Raw!G2:G401,A15) -> 73 | C15: =ROUND(AVERAGEIF(Agent_Logs_Raw!G2:G401,A15,Agent_Logs_Raw!I2:I401),0) -> 1335 | D15: =_xlfn.MAXIFS(Agent_Logs_Raw!I2:I401,Agent_Logs_Raw!G2:G401,A15) -> 2681
A16: citation_formatter_tool | B16: =COUNTIF(Agent_Logs_Raw!G2:G401,A16) -> 47 | C16: =ROUND(AVERAGEIF(Agent_Logs_Raw!G2:G401,A16,Agent_Logs_Raw!I2:I401),0) -> 1312 | D16: =_xlfn.MAXIFS(Agent_Logs_Raw!I2:I401,Agent_Logs_Raw!G2:G401,A16) -> 2729
A17: compound_similarity_tool | B17: =COUNTIF(Agent_Logs_Raw!G2:G401,A17) -> 52 | C17: =ROUND(AVERAGEIF(Agent_Logs_Raw!G2:G401,A17,Agent_Logs_Raw!I2:I401),0) -> 1509 | D17: =_xlfn.MAXIFS(Agent_Logs_Raw!I2:I401,Agent_Logs_Raw!G2:G401,A17) -> 3433
A18: escalation_notifier_tool | B18: =COUNTIF(Agent_Logs_Raw!G2:G401,A18) -> 65 | C18: =ROUND(AVERAGEIF(Agent_Logs_Raw!G2:G401,A18,Agent_Logs_Raw!I2:I401),0) -> 1630 | D18: =_xlfn.MAXIFS(Agent_Logs_Raw!I2:I401,Agent_Logs_Raw!G2:G401,A18) -> 4166
A19: sql_query_tool | B19: =COUNTIF(Agent_Logs_Raw!G2:G401,A19) -> 58 | C19: =ROUND(AVERAGEIF(Agent_Logs_Raw!G2:G401,A19,Agent_Logs_Raw!I2:I401),0) -> 1430 | D19: =_xlfn.MAXIFS(Agent_Logs_Raw!I2:I401,Agent_Logs_Raw!G2:G401,A19) -> 2943
A20: statistics_tool | B20: =COUNTIF(Agent_Logs_Raw!G2:G401,A20) -> 54 | C20: =ROUND(AVERAGEIF(Agent_Logs_Raw!G2:G401,A20,Agent_Logs_Raw!I2:I401),0) -> 1403 | D20: =_xlfn.MAXIFS(Agent_Logs_Raw!I2:I401,Agent_Logs_Raw!G2:G401,A20) -> 2837
A21: vector_search_tool | B21: =COUNTIF(Agent_Logs_Raw!G2:G401,A21) -> 51 | C21: =ROUND(AVERAGEIF(Agent_Logs_Raw!G2:G401,A21,Agent_Logs_Raw!I2:I401),0) -> 1422 | D21: =_xlfn.MAXIFS(Agent_Logs_Raw!I2:I401,Agent_Logs_Raw!G2:G401,A21) -> 3498

Sheet Trial_AE_Summary
A1: Clinical Trial & Adverse Event Summary
A2: Sources: Trials_Raw (clinical_trials.csv), AE_Raw (adverse_events.csv), Sites_Raw (trial_sites.csv)
A4: Enrollment by Trial Phase
A5: Trial Phase | B5: # Trials | C5: Target Enrollment | D5: Actual Enrollment | E5: % Enrolled
A6: Phase I | B6: =COUNTIF(Trials_Raw!C2:C111,A6) -> 37 | C6: =SUMIF(Trials_Raw!C2:C111,A6,Trials_Raw!J2:J111) -> 11661 | D6: =SUMIF(Trials_Raw!C2:C111,A6,Trials_Raw!K2:K111) -> 8375 | E6: =ROUND(D6/C6*100,1) -> 71.8
A7: Phase II | B7: =COUNTIF(Trials_Raw!C2:C111,A7) -> 33 | C7: =SUMIF(Trials_Raw!C2:C111,A7,Trials_Raw!J2:J111) -> 10919 | D7: =SUMIF(Trials_Raw!C2:C111,A7,Trials_Raw!K2:K111) -> 8231 | E7: =ROUND(D7/C7*100,1) -> 75.4
A8: Phase III | B8: =COUNTIF(Trials_Raw!C2:C111,A8) -> 31 | C8: =SUMIF(Trials_Raw!C2:C111,A8,Trials_Raw!J2:J111) -> 9545 | D8: =SUMIF(Trials_Raw!C2:C111,A8,Trials_Raw!K2:K111) -> 6283 | E8: =ROUND(D8/C8*100,1) -> 65.8
A9: Phase IV | B9: =COUNTIF(Trials_Raw!C2:C111,A9) -> 9 | C9: =SUMIF(Trials_Raw!C2:C111,A9,Trials_Raw!J2:J111) -> 2809 | D9: =SUMIF(Trials_Raw!C2:C111,A9,Trials_Raw!K2:K111) -> 2393 | E9: =ROUND(D9/C9*100,1) -> 85.2
A12: Trials by Status
A13: Status | B13: # Trials
A14: Active, not recruiting | B14: =COUNTIF(Trials_Raw!I2:I111,A14) -> 29
A15: Completed | B15: =COUNTIF(Trials_Raw!I2:I111,A15) -> 39
A16: Recruiting | B16: =COUNTIF(Trials_Raw!I2:I111,A16) -> 27
A17: Suspended | B17: =COUNTIF(Trials_Raw!I2:I111,A17) -> 6
A18: Terminated | B18: =COUNTIF(Trials_Raw!I2:I111,A18) -> 9
A21: Adverse Events by Severity
A22: Severity | B22: # Events | C22: # Serious
A23: Mild | B23: =COUNTIF(AE_Raw!F2:F501,A23) -> 0 | C23: =COUNTIFS(AE_Raw!F2:F501,A23,AE_Raw!G2:G501,"Serious") -> 0
A24: Moderate | B24: =COUNTIF(AE_Raw!F2:F501,A24) -> 0 | C24: =COUNTIFS(AE_Raw!F2:F501,A24,AE_Raw!G2:G501,"Serious") -> 0
A25: Severe | B25: =COUNTIF(AE_Raw!F2:F501,A25) -> 0 | C25: =COUNTIFS(AE_Raw!F2:F501,A25,AE_Raw!G2:G501,"Serious") -> 0
A28: Sites & Enrollment by Country
A29: Country | B29: # Sites | C29: Enrollment Count | D29: # Active Sites
A30: Australia | B30: =COUNTIF(Sites_Raw!C2:C376,A30) -> 0 | C30: =SUMIF(Sites_Raw!C2:C376,A30,Sites_Raw!F2:F376) -> 0 | D30: =COUNTIFS(Sites_Raw!C2:C376,A30,Sites_Raw!G2:G376,"Active") -> 0
A31: Brazil | B31: =COUNTIF(Sites_Raw!C2:C376,A31) -> 0 | C31: =SUMIF(Sites_Raw!C2:C376,A31,Sites_Raw!F2:F376) -> 0 | D31: =COUNTIFS(Sites_Raw!C2:C376,A31,Sites_Raw!G2:G376,"Active") -> 0
A32: Canada | B32: =COUNTIF(Sites_Raw!C2:C376,A32) -> 0 | C32: =SUMIF(Sites_Raw!C2:C376,A32,Sites_Raw!F2:F376) -> 0 | D32: =COUNTIFS(Sites_Raw!C2:C376,A32,Sites_Raw!G2:G376,"Active") -> 0
A33: Germany | B33: =COUNTIF(Sites_Raw!C2:C376,A33) -> 0 | C33: =SUMIF(Sites_Raw!C2:C376,A33,Sites_Raw!F2:F376) -> 0 | D33: =COUNTIFS(Sites_Raw!C2:C376,A33,Sites_Raw!G2:G376,"Active") -> 0
A34: India | B34: =COUNTIF(Sites_Raw!C2:C376,A34) -> 0 | C34: =SUMIF(Sites_Raw!C2:C376,A34,Sites_Raw!F2:F376) -> 0 | D34: =COUNTIFS(Sites_Raw!C2:C376,A34,Sites_Raw!G2:G376,"Active") -> 0
A35: Japan | B35: =COUNTIF(Sites_Raw!C2:C376,A35) -> 0 | C35: =SUMIF(Sites_Raw!C2:C376,A35,Sites_Raw!F2:F376) -> 0 | D35: =COUNTIFS(Sites_Raw!C2:C376,A35,Sites_Raw!G2:G376,"Active") -> 0
A36: South Africa | B36: =COUNTIF(Sites_Raw!C2:C376,A36) -> 0 | C36: =SUMIF(Sites_Raw!C2:C376,A36,Sites_Raw!F2:F376) -> 0 | D36: =COUNTIFS(Sites_Raw!C2:C376,A36,Sites_Raw!G2:G376,"Active") -> 0
A37: Spain | B37: =COUNTIF(Sites_Raw!C2:C376,A37) -> 0 | C37: =SUMIF(Sites_Raw!C2:C376,A37,Sites_Raw!F2:F376) -> 0 | D37: =COUNTIFS(Sites_Raw!C2:C376,A37,Sites_Raw!G2:G376,"Active") -> 0
A38: United Kingdom | B38: =COUNTIF(Sites_Raw!C2:C376,A38) -> 0 | C38: =SUMIF(Sites_Raw!C2:C376,A38,Sites_Raw!F2:F376) -> 0 | D38: =COUNTIFS(Sites_Raw!C2:C376,A38,Sites_Raw!G2:G376,"Active") -> 0
A39: United States | B39: =COUNTIF(Sites_Raw!C2:C376,A39) -> 0 | C39: =SUMIF(Sites_Raw!C2:C376,A39,Sites_Raw!F2:F376) -> 0 | D39: =COUNTIFS(Sites_Raw!C2:C376,A39,Sites_Raw!G2:G376,"Active") -> 0
A42: Adverse Event Outcomes (Serious events only)
A43: Outcome | B43: # Events
A44: Fatal | B44: =COUNTIFS(AE_Raw!F2:F501,"Severe",AE_Raw!G2:G501,"Serious",AE_Raw!J2:J501,A44) -> 0
A45: Ongoing | B45: =COUNTIFS(AE_Raw!F2:F501,"Severe",AE_Raw!G2:G501,"Serious",AE_Raw!J2:J501,A45) -> 0
A46: Resolved | B46: =COUNTIFS(AE_Raw!F2:F501,"Severe",AE_Raw!G2:G501,"Serious",AE_Raw!J2:J501,A46) -> 0
A47: Resolved with Sequelae | B47: =COUNTIFS(AE_Raw!F2:F501,"Severe",AE_Raw!G2:G501,"Serious",AE_Raw!J2:J501,A47) -> 0
A48: Resolving | B48: =COUNTIFS(AE_Raw!F2:F501,"Severe",AE_Raw!G2:G501,"Serious",AE_Raw!J2:J501,A48) -> 0

Sheet Agent_Logs_Raw
A1: log_id | B1: session_id | C1: timestamp | D1: user_role | E1: user_query | F1: agent_invoked | G1: tool_called | H1: response_summary | I1: latency_ms | J1: tokens_used | K1: feedback_rating | L1: escalated_flag
A2: LOG-00001 | B2: SESS-1441 | C2: 2026-06-28 10:04:00 | D2: Medical Science Liaison | E2: What did the latest literature review say about PD-1 inhibitors? | F2: Adverse Event Triage Agent | G2: vector_search_tool | H2: Classified event severity and logged to review queue. | I2: 1210 | J2: 2270 | K2: 4 | L2: =FALSE() -> FALSE
A3: LOG-00002 | B3: SESS-1664 | C3: 2026-08-07 07:35:00 | D3: Data Scientist | E3: Which Phase II trials for Cardiology are currently below 60% enrollment? | F3: Adverse Event Triage Agent | G3: ae_severity_classifier_tool | H3: No matching records found; suggested a broader query. | I3: 885 | J3: 5260 | K3: 5 | L3: =TRUE() -> TRUE
A4: LOG-00003 | B4: SESS-1412 | C4: 2026-07-05 11:43:00 | D4: Clinical Operations Manager | E4: Is there a hERG cardiotoxicity risk flagged for SNF-1121? | F4: Trial Data Analyst Agent | G4: ae_severity_classifier_tool | H4: Compiled multi-agent outputs into a one-page report. | I4: 730 | J4: 3687 | K4: 4 | L4: =FALSE() -> FALSE
A5: LOG-00004 | B5: SESS-1531 | C5: 2026-08-29 20:38:00 | D5: Data Scientist | E5: Draft a status report for TRL-0010 for the portfolio committee. | F5: Compound Similarity Agent | G5: citation_formatter_tool | H5: Returned structured table with 3 matching records. | I5: 970 | J5: 5626 | K5: 5 | L5: =FALSE() -> FALSE
A6: LOG-00005 | B6: SESS-1224 | C6: 2026-06-21 05:19:00 | D6: Research Scientist | E6: Which Phase II trials for Respiratory are currently below 60% enrollment? | F6: Report Writer Agent | G6: vector_search_tool | H6: Returned structured table with 3 matching records. | I6: 1360 | J6: 5522 | K6: 3 | L6: =FALSE() -> FALSE
A7: LOG-00006 | B7: SESS-1067 | C7: 2026-07-14 11:11:00 | D7: Medical Science Liaison | E7: Which Phase II trials for Oncology are currently below 60% enrollment? | F7: Compound Similarity Agent | G7: ae_severity_classifier_tool | H7: Returned structured table with 3 matching records. | I7: 906 | J7: 779 | K7: 3 | L7: =FALSE() -> FALSE
A8: LOG-00007 | B8: SESS-1401 | C8: 2026-08-13 15:32:00 | D8: Data Scientist | E8: Draft a status report for TRL-0047 for the portfolio committee. | F8: Trial Data Analyst Agent | G8: citation_formatter_tool | H8: Returned structured table with 3 matching records. | I8: 1018 | J8: 3402 | K8: 4 | L8: =FALSE() -> FALSE
A9: LOG-00008 | B9: SESS-1507 | C9: 2026-07-19 20:04:00 | D9: Clinical Operations Manager | E9: Find compounds similar to PSA-1103 targeting SGLT2. | F9: Report Writer Agent | G9: statistics_tool | H9: Retrieved 4 supporting document excerpts and generated a cited summary. | I9: 1420 | J9: 4995 | K9: 3 | L9: =FALSE() -> FALSE
A10: LOG-00009 | B10: SESS-1722 | C10: 2026-07-23 10:15:00 | D10: Medical Science Liaison | E10: Find compounds similar to DKU-1074 targeting GLP-1R. | F10: Literature & Document Research Agent | G10: escalation_notifier_tool | H10: Classified event severity and logged to review queue. | I10: 1467 | J10: 4764 | K10: 5 | L10: =FALSE() -> FALSE
A11: LOG-00010 | B11: SESS-1929 | C11: 2026-08-31 14:41:00 | D11: Biostatistician | E11: Which Phase II trials for Cardiology are currently below 60% enrollment? | F11: Router / Planner Agent | G11: vector_search_tool | H11: Compiled multi-agent outputs into a one-page report. | I11: 2262 | J11: 4502 | K11: 4 | L11: =FALSE() -> FALSE
A12: LOG-00011 | B12: SESS-1174 | C12: 2026-07-14 10:32:00 | D12: Regulatory Affairs Specialist | E12: How many sites are actively recruiting for Respiratory programs? | F12: Report Writer Agent | G12: ae_severity_classifier_tool | H12: No matching records found; suggested a broader query. | I12: 2092 | J12: 4712 | K12: 5 | L12: =FALSE() -> FALSE
A13: LOG-00012 | B13: SESS-1921 | C13: 2026-07-31 11:12:00 | D13: Data Scientist | E13: Summarize the most recent safety signal review for AGN-1114. | F13: Trial Data Analyst Agent | G13: vector_search_tool | H13: Retrieved 4 supporting document excerpts and generated a cited summary. | I13: 1791 | J13: 4112 | K13: 4 | L13: =FALSE() -> FALSE
A14: LOG-00013 | B14: SESS-1342 | C14: 2026-08-17 21:37:00 | D14: Research Scientist | E14: Which Phase II trials for Respiratory are currently below 60% enrollment? | F14: Report Writer Agent | G14: compound_similarity_tool | H14: Retrieved 4 supporting document excerpts and generated a cited summary. | I14: 1079 | J14: 6431 | K14: 2 | L14: =FALSE() -> FALSE
A15: LOG-00014 | B15: SESS-1608 | C15: 2026-06-02 18:31:00 | D15: Regulatory Affairs Specialist | E15: Draft a status report for TRL-0033 for the portfolio committee. | F15: Router / Planner Agent | G15: vector_search_tool | H15: Computed similarity score and returned top 5 candidate compounds. | I15: 828 | J15: 3809 | K15: 4 | L15: =FALSE() -> FALSE
... A57: LOG-00056 | B57: SESS-1879 | C57: 2026-08-19 22:35:00 | D57: Biostatistician | E57: Draft a status report for TRL-0026 for the portfolio committee. | F57: Compound Similarity Agent | G57: escalation_notifier_tool | H57: Compiled multi-agent outputs into a one-page report. | I57: 1612 | J57: 6315 | K57: 5 | L57: =FALSE() -> FALSE
A58: LOG-00057 | B58: SESS-1838 | C58: 2026-06-04 22:37:00 | D58: Biostatistician | E58: Summarize the most recent safety signal review for DKU-1061. | F58: Adverse Event Triage Agent | G58: vector_search_tool | H58: No matching records found; suggested a broader query. | I58: 1663 | J58: 5283 | K58: 4 | L58: =TRUE() -> TRUE
A59: LOG-00058 | B59: SESS-1205 | C59: 2026-09-08 12:29:00 | D59: Data Scientist | E59: Find compounds similar to AGN-1043 targeting VEGFR2. | F59: Trial Data Analyst Agent | G59: citation_formatter_tool | H59: Computed similarity score and returned top 5 candidate compounds. | I59: 2560 | J59: 2123 | K59: 5 | L59: =FALSE() -> FALSE
A60: LOG-00059 | B60: SESS-1982 | C60: 2026-06-19 04:59:00 | D60: Medical Science Liaison | E60: Draft a status report for TRL-0089 for the portfolio committee. | F60: Literature & Document Research Agent | G60: escalation_notifier_tool | H60: Computed similarity score and returned top 5 candidate compounds. | I60: 1178 | J60: 4396 | K60: 4 | L60: =FALSE() -> FALSE
A61: LOG-00060 | B61: SESS-1395 | C61: 2026-08-11 05:07:00 | D61: Biostatistician | E61: What did the latest literature review say about IL-6R inhibitors? | F61: Report Writer Agent | G61: ae_severity_classifier_tool | H61: Returned structured table with 3 matching records. | I61: 1543 | J61: 2679 | K61: 5 | L61: =FALSE() -> FALSE
A62: LOG-00061 | B62: SESS-1290 | C62: 2026-08-17 08:07:00 | D62: Data Scientist | E62: How many sites are actively recruiting for Infectious Disease programs? | F62: Adverse Event Triage Agent | G62: statistics_tool | H62: Returned structured table with 3 matching records. | I62: 1156 | J62: 3570 | K62: 3 | L62: =TRUE() -> TRUE
A63: LOG-00062 | B63: SESS-1666 | C63: 2026-07-26 02:47:00 | D63: Biostatistician | E63: Escalate any serious adverse events for TRL-0087 to the safety team. | F63: Adverse Event Triage Agent | G63: sql_query_tool | H63: Compiled multi-agent outputs into a one-page report. | I63: 1740 | J63: 2037 | K63: 3 | L63: =TRUE() -> TRUE
A64: LOG-00063 | B64: SESS-1479 | C64: 2026-06-26 08:37:00 | D64: Biostatistician | E64: How many sites are actively recruiting for Metabolic Disease programs? | F64: Router / Planner Agent | G64: ae_severity_classifier_tool | H64: Computed similarity score and returned top 5 candidate compounds. | I64: 1392 | J64: 2868 | K64: 5 | L64: =FALSE() -> FALSE
A65: LOG-00064 | B65: SESS-1512 | C65: 2026-08-05 03:01:00 | D65: Medical Science Liaison | E65: Draft a status report for TRL-0018 for the portfolio committee. | F65: Router / Planner Agent | G65: vector_search_tool | H65: Retrieved 4 supporting document excerpts and generated a cited summary. | I65: 1469 | J65: 3038 | K65: 4 | L65: =FALSE() -> FALSE
A66: LOG-00065 | B66: SESS-1525 | C66: 2026-08-11 02:39:00 | D66: Research Scientist | E66: What did the latest literature review say about BTK inhibitors? | F66: Report Writer Agent | G66: citation_formatter_tool | H66: Retrieved 4 supporting document excerpts and generated a cited summary. | I66: 918 | J66: 2596 | K66: 5 | L66: =FALSE() -> FALSE
A67: LOG-00066 | B67: SESS-1470 | C67: 2026-08-01 18:23:00 | D67: Biostatistician | E67: What adverse events have been reported most frequently for Oncology trials this year? | F67: Literature & Document Research Agent | G67: escalation_notifier_tool | H67: Retrieved 4 supporting document excerpts and generated a cited summary. | I67: 1037 | J67: 3790 | K67: 3 | L67: =FALSE() -> FALSE
A68: LOG-00067 | B68: SESS-1069 | C68: 2026-08-11 17:06:00 | D68: Biostatistician | E68: Draft a status report for TRL-0063 for the portfolio committee. | F68: Report Writer Agent | G68: ae_severity_classifier_tool | H68: Computed similarity score and returned top 5 candidate compounds. | I68: 1422 | J68: 1439 | K68: 5 | L68: =FALSE() -> FALSE
A69: LOG-00068 | B69: SESS-1949 | C69: 2026-07-03 20:04:00 | D69: Medical Science Liaison | E69: Is there a hERG cardiotoxicity risk flagged for RX-1112? | F69: Adverse Event Triage Agent | G69: citation_formatter_tool | H69: No matching records found; suggested a broader query. | I69: 1106 | J69: 4649 | K69: 4 | L69: =FALSE() -> FALSE
A70: LOG-00069 | B70: SESS-1602 | C70: 2026-07-29 23:54:00 | D70: Medical Science Liaison | E70: Show me the lab results trend for DKU-1039 over the last 6 months. | F70: Literature & Document Research Agent | G70: vector_search_tool | H70: Classified event severity and logged to review queue. | I70: 818 | J70: 1988 | K70: 5 | L70: =FALSE() -> FALSE
A71: LOG-00070 | B71: SESS-1069 | C71: 2026-08-13 12:06:00 | D71: Research Scientist | E71: Escalate any serious adverse events for TRL-0047 to the safety team. | F71: Compound Similarity Agent | G71: statistics_tool | H71: Returned structured table with 3 matching records. | I71: 854 | J71: 3696 | K71: 5 | L71: =FALSE() -> FALSE
A72: LOG-00071 | B72: SESS-1511 | C72: 2026-06-20 08:05:00 | D72: Biostatistician | E72: What adverse events have been reported most frequently for Infectious Disease trials this year? | F72: Trial Data Analyst Agent | G72: sql_query_tool | H72: Computed similarity score and returned top 5 candidate compounds. | I72: 1710 | J72: 2730 | K72: 5 | L72: =FALSE() -> FALSE
A73: LOG-00072 | B73: SESS-1107 | C73: 2026-07-14 01:47:00 | D73: Clinical Operations Manager | E73: What did the latest literature review say about BCL-2 inhibitors? | F73: Trial Data Analyst Agent | G73: statistics_tool | H73: No matching records found; suggested a broader query. | I73: 1580 | J73: 5862 | K73: 3 | L73: =FALSE() -> FALSE
A74: LOG-00073 | B74: SESS-1117 | C74: 2026-06-12 06:33:00 | D74: Research Scientist | E74: Is there a hERG cardiotoxicity risk flagged for VLX-1042? | F74: Adverse Event Triage Agent | G74: sql_query_tool | H74: No matching records found; suggested a broader query. | I74: 1907 | J74: 904 | K74: 4 | L74: =FALSE() -> FALSE
A75: LOG-00074 | B75: SESS-1860 | C75: 2026-08-08 03:26:00 | D75: Research Scientist | E75: Summarize the most recent safety signal review for VLX-1000. | F75: Adverse Event Triage Agent | G75: statistics_tool | H75: Retrieved 4 supporting document excerpts and generated a cited summary. | I75: 802 | J75: 4674 | K75: 5 | L75: =FALSE() -> FALSE
... A88: LOG-00087 | B88: SESS-1559 | C88: 2026-06-11 07:29:00 | D88: Biostatistician | E88: Show me the lab results trend for DKU-1024 over the last 6 months. | F88: Literature & Document Research Agent | G88: compound_similarity_tool | H88: Returned structured table with 3 matching records. | I88: 1808 | J88: 6078 | K88: 2 | L88: =FALSE() -> FALSE
A89: LOG-00088 | B89: SESS-1431 | C89: 2026-06-06 10:58:00 | D89: Regulatory Affairs Specialist | E89: Escalate any serious adverse events for TRL-0064 to the safety team. | F89: Adverse Event Triage Agent | G89: ae_severity_classifier_tool | H89: Retrieved 4 supporting document excerpts and generated a cited summary. | I89: 656 | J89: 4181 | K89: 5 | L89: =TRUE() -> TRUE
A90: LOG-00089 | B90: SESS-1560 | C90: 2026-07-08 04:18:00 | D90: Biostatistician | E90: What did the latest literature review say about PCSK9 inhibitors? | F90: Router / Planner Agent | G90: vector_search_tool | H90: Classified event severity and logged to review queue. | I90: 725 | J90: 5576 | K90: 4 | L90: =FALSE() -> FALSE
A91: LOG-00090 | B91: SESS-1824 | C91: 2026-06-14 06:33:00 | D91: Medical Science Liaison | E91: Which Phase II trials for Infectious Disease are currently below 60% enrollment? | F91: Trial Data Analyst Agent | G91: compound_similarity_tool | H91: Compiled multi-agent outputs into a one-page report. | I91: 895 | J91: 514 | K91: 5 | L91: =FALSE() -> FALSE
A92: LOG-00091 | B92: SESS-1612 | C92: 2026-08-15 18:34:00 | D92: Biostatistician | E92: Which Phase II trials for Respiratory are currently below 60% enrollment? | F92: Literature & Document Research Agent | G92: sql_query_tool | H92: Compiled multi-agent outputs into a one-page report. | I92: 1061 | J92: 2345 | K92: 5 | L92: =FALSE() -> FALSE
A93: LOG-00092 | B93: SESS-1277 | C93: 2026-06-24 13:38:00 | D93: Biostatistician | E93: Summarize the most recent safety signal review for RX-1112. | F93: Compound Similarity Agent | G93: compound_similarity_tool | H93: Returned structured table with 3 matching records. | I93: 813 | J93: 5907 | K93: 5 | L93: =FALSE() -> FALSE
A94: LOG-00093 | B94: SESS-1230 | C94: 2026-09-01 09:45:00 | D94: Biostatistician | E94: Summarize the most recent safety signal review for DKU-1124. | F94: Router / Planner Agent | G94: compound_similarity_tool | H94: Classified event severity and logged to review queue. | I94: 875 | J94: 5061 | K94: 5 | L94: =FALSE() -> FALSE
A95: LOG-00094 | B95: SESS-1056 | C95: 2026-07-12 11:04:00 | D95: Research Scientist | E95: Is there a hERG cardiotoxicity risk flagged for RX-1041? | F95: Adverse Event Triage Agent | G95: ae_severity_classifier_tool | H95: Retrieved 4 supporting document excerpts and generated a cited summary. | I95: 1898 | J95: 5561 | K95: 4 | L95: =TRUE() -> TRUE
A96: LOG-00095 | B96: SESS-1698 | C96: 2026-08-09 01:34:00 | D96: Biostatistician | E96: Show me the lab results trend for DKU-1087 over the last 6 months. | F96: Compound Similarity Agent | G96: statistics_tool | H96: No matching records found; suggested a broader query. | I96: 1509 | J96: 4861 | K96: 4 | L96: =FALSE() -> FALSE
A97: LOG-00096 | B97: SESS-1396 | C97: 2026-06-10 11:48:00 | D97: Data Scientist | E97: Which Phase II trials for Cardiology are currently below 60% enrollment? | F97: Compound Similarity Agent | G97: compound_similarity_tool | H97: No matching records found; suggested a broader query. | I97: 1915 | J97: 2400 | K97: 5 | L97: =FALSE() -> FALSE
A98: LOG-00097 | B98: SESS-1118 | C98: 2026-08-17 16:51:00 | D98: Data Scientist | E98: What adverse events have been reported most frequently for Neurology trials this year? | F98: Adverse Event Triage Agent | G98: escalation_notifier_tool | H98: Returned structured table with 3 matching records. | I98: 922 | J98: 888 | K98: 1 | L98: =FALSE() -> FALSE
A99: LOG-00098 | B99: SESS-1351 | C99: 2026-07-06 06:03:00 | D99: Data Scientist | E99: Escalate any serious adverse events for TRL-0073 to the safety team. | F99: Literature & Document Research Agent | G99: ae_severity_classifier_tool | H99: Returned structured table with 3 matching records. | I99: 943 | J99: 549 | K99: 5 | L99: =FALSE() -> FALSE
A100: LOG-00099 | B100: SESS-1232 | C100: 2026-06-02 19:54:00 | D100: Data Scientist | E100: Find compounds similar to SNF-1080 targeting mTOR. | F100: Trial Data Analyst Agent | G100: sql_query_tool | H100: No matching records found; suggested a broader query. | I100: 1518 | J100: 1925 | K100: 5 | L100: =FALSE() -> FALSE
A101: LOG-00100 | B101: SESS-1894 | C101: 2026-06-03 17:05:00 | D101: Biostatistician | E101: Show me the lab results trend for SNF-1053 over the last 6 months. | F101: Compound Similarity Agent | G101: sql_query_tool | H101: Retrieved 4 supporting document excerpts and generated a cited summary. | I101: 1275 | J101: 4557 | K101: 4 | L101: =FALSE() -> FALSE
A102: LOG-00101 | B102: SESS-1449 | C102: 2026-06-24 01:37:00 | D102: Clinical Operations Manager | E102: Which Phase II trials for Immunology are currently below 60% enrollment? | F102: Router / Planner Agent | G102: sql_query_tool | H102: Classified event severity and logged to review queue. | I102: 1004 | J102: 5227 | K102: 3 | L102: =FALSE() -> FALSE
A103: LOG-00102 | B103: SESS-1299 | C103: 2026-07-15 11:07:00 | D103: Clinical Operations Manager | E103: Which Phase II trials for Neurology are currently below 60% enrollment? | F103: Literature & Document Research Agent | G103: ae_severity_classifier_tool | H103: Compiled multi-agent outputs into a one-page report. | I103: 1148 | J103: 1933 | K103: 5 | L103: =FALSE() -> FALSE
A104: LOG-00103 | B104: SESS-1078 | C104: 2026-06-23 06:40:00 | D104: Regulatory Affairs Specialist | E104: Is there a hERG cardiotoxicity risk flagged for DKU-1072? | F104: Adverse Event Triage Agent | G104: escalation_notifier_tool | H104: Compiled multi-agent outputs into a one-page report. | I104: 1228 | J104: 3279 | K104: 5 | L104: =FALSE() -> FALSE
A105: LOG-00104 | B105: SESS-1879 | C105: 2026-08-04 23:34:00 | D105: Clinical Operations Manager | E105: Find compounds similar to DKU-1061 targeting SGLT2. | F105: Adverse Event Triage Agent | G105: escalation_notifier_tool | H105: Computed similarity score and returned top 5 candidate compounds. | I105: 1632 | J105: 4094 | K105: 2 | L105: =FALSE() -> FALSE
A106: LOG-00105 | B106: SESS-1889 | C106: 2026-07-24 06:45:00 | D106: Biostatistician | E106: Draft a status report for TRL-0061 for the portfolio committee. | F106: Literature & Document Research Agent | G106: statistics_tool | H106: Retrieved 4 supporting document excerpts and generated a cited summary. | I106: 1389 | J106: 3440 | K106: 5 | L106: =FALSE() -> FALSE
A107: LOG-00106 | B107: SESS-1515 | C107: 2026-09-07 13:29:00 | D107: Research Scientist | E107: Show me the lab results trend for PSA-1026 over the last 6 months. | F107: Literature & Document Research Agent | G107: ae_severity_classifier_tool | H107: Returned structured table with 3 matching records. | I107: 935 | J107: 469 | K107: 3 | L107: =FALSE() -> FALSE
... A123: LOG-00122 | B123: SESS-1856 | C123: 2026-07-29 10:25:00 | D123: Regulatory Affairs Specialist | E123: Which Phase II trials for Oncology are currently below 60% enrollment? | F123: Router / Planner Agent | G123: ae_severity_classifier_tool | H123: Retrieved 4 supporting document excerpts and generated a cited summary. | I123: 1146 | J123: 2857 | K123: 5 | L123: =FALSE() -> FALSE
A124: LOG-00123 | B124: SESS-1037 | C124: 2026-08-20 01:59:00 | D124: Regulatory Affairs Specialist | E124: How many sites are actively recruiting for Metabolic Disease programs? | F124: Adverse Event Triage Agent | G124: sql_query_tool | H124: Computed similarity score and returned top 5 candidate compounds. | I124: 1028 | J124: 4096 | K124: 5 | L124: =TRUE() -> TRUE
A125: LOG-00124 | B125: SESS-1593 | C125: 2026-06-11 15:57:00 | D125: Research Scientist | E125: Show me the lab results trend for PSA-1064 over the last 6 months. | F125: Trial Data Analyst Agent | G125: compound_similarity_tool | H125: Classified event severity and logged to review queue. | I125: 1546 | J125: 2190 | K125: 5 | L125: =FALSE() -> FALSE
A126: LOG-00125 | B126: SESS-1451 | C126: 2026-06-12 15:48:00 | D126: Clinical Operations Manager | E126: Escalate any serious adverse events for TRL-0051 to the safety team. | F126: Compound Similarity Agent | G126: ae_severity_classifier_tool | H126: Classified event severity and logged to review queue. | I126: 1325 | J126: 2398 | K126: 4 | L126: =FALSE() -> FALSE
A127: LOG-00126 | B127: SESS-1130 | C127: 2026-08-30 02:22:00 | D127: Clinical Operations Manager | E127: Draft a status report for TRL-0068 for the portfolio committee. | F127: Literature & Document Research Agent | G127: statistics_tool | H127: No matching records found; suggested a broader query. | I127: 1109 | J127: 987 | K127: 5 | L127: =FALSE() -> FALSE
A128: LOG-00127 | B128: SESS-1238 | C128: 2026-06-10 00:37:00 | D128: Research Scientist | E128: What adverse events have been reported most frequently for Metabolic Disease trials this year? | F128: Trial Data Analyst Agent | G128: statistics_tool | H128: No matching records found; suggested a broader query. | I128: 753 | J128: 3306 | K128: 4 | L128: =FALSE() -> FALSE
A129: LOG-00128 | B129: SESS-1881 | C129: 2026-09-01 05:53:00 | D129: Data Scientist | E129: Which Phase II trials for Cardiology are currently below 60% enrollment? | F129: Trial Data Analyst Agent | G129: escalation_notifier_tool | H129: Compiled multi-agent outputs into a one-page report. | I129: 2657 | J129: 5292 | K129: 5 | L129: =FALSE() -> FALSE
A130: LOG-00129 | B130: SESS-1062 | C130: 2026-07-12 11:56:00 | D130: Biostatistician | E130: What did the latest literature review say about PCSK9 inhibitors? | F130: Router / Planner Agent | G130: citation_formatter_tool | H130: Classified event severity and logged to review queue. | I130: 1363 | J130: 456 | K130: 5 | L130: =FALSE() -> FALSE
A131: LOG-00130 | B131: SESS-1553 | C131: 2026-08-04 07:44:00 | D131: Biostatistician | E131: Draft a status report for TRL-0044 for the portfolio committee. | F131: Router / Planner Agent | G131: escalation_notifier_tool | H131: Returned structured table with 3 matching records. | I131: 2306 | J131: 3673 | K131: 3 | L131: =FALSE() -> FALSE
A132: LOG-00131 | B132: SESS-1079 | C132: 2026-06-20 20:56:00 | D132: Medical Science Liaison | E132: Escalate any serious adverse events for TRL-0024 to the safety team. | F132: Trial Data Analyst Agent | G132: ae_severity_classifier_tool | H132: Computed similarity score and returned top 5 candidate compounds. | I132: 1187 | J132: 4761 | K132: 5 | L132: =FALSE() -> FALSE
A133: LOG-00132 | B133: SESS-1208 | C133: 2026-07-14 03:22:00 | D133: Regulatory Affairs Specialist | E133: Summarize the most recent safety signal review for DKU-1024. | F133: Compound Similarity Agent | G133: sql_query_tool | H133: Compiled multi-agent outputs into a one-page report. | I133: 1998 | J133: 4550 | K133: 5 | L133: =FALSE() -> FALSE
A134: LOG-00133 | B134: SESS-1657 | C134: 2026-06-13 23:55:00 | D134: Data Scientist | E134: What did the latest literature review say about TNF-alpha inhibitors? | F134: Report Writer Agent | G134: compound_similarity_tool | H134: Classified event severity and logged to review queue. | I134: 3433 | J134: 6447 | K134: 4 | L134: =FALSE() -> FALSE
A135: LOG-00134 | B135: SESS-1343 | C135: 2026-08-05 14:07:00 | D135: Data Scientist | E135: What adverse events have been reported most frequently for Oncology trials this year? | F135: Router / Planner Agent | G135: ae_severity_classifier_tool | H135: No matching records found; suggested a broader query. | I135: 972 | J135: 6377 | K135: 5 | L135: =FALSE() -> FALSE
A136: LOG-00135 | B136: SESS-1045 | C136: 2026-06-06 16:07:00 | D136: Regulatory Affairs Specialist | E136: What did the latest literature review say about IL-6R inhibitors? | F136: Adverse Event Triage Agent | G136: ae_severity_classifier_tool | H136: Retrieved 4 supporting document excerpts and generated a cited summary. | I136: 1412 | J136: 5454 | K136: 5 | L136: =TRUE() -> TRUE
A137: LOG-00136 | B137: SESS-1827 | C137: 2026-07-09 11:58:00 | D137: Regulatory Affairs Specialist | E137: Escalate any serious adverse events for TRL-0021 to the safety team. | F137: Router / Planner Agent | G137: sql_query_tool | H137: Compiled multi-agent outputs into a one-page report. | I137: 1190 | J137: 1645 | K137: 2 | L137: =FALSE() -> FALSE
A138: LOG-00137 | B138: SESS-1962 | C138: 2026-08-02 15:11:00 | D138: Clinical Operations Manager | E138: Show me the lab results trend for AGN-1106 over the last 6 months. | F138: Compound Similarity Agent | G138: escalation_notifier_tool | H138: Computed similarity score and returned top 5 candidate compounds. | I138: 1467 | J138: 1532 | K138: 5 | L138: =FALSE() -> FALSE
A139: LOG-00138 | B139: SESS-1390 | C139: 2026-06-28 07:41:00 | D139: Biostatistician | E139: Escalate any serious adverse events for TRL-0077 to the safety team. | F139: Router / Planner Agent | G139: escalation_notifier_tool | H139: Returned structured table with 3 matching records. | I139: 1967 | J139: 1521 | K139: 2 | L139: =FALSE() -> FALSE
A140: LOG-00139 | B140: SESS-1588 | C140: 2026-08-31 15:48:00 | D140: Biostatistician | E140: Summarize the most recent safety signal review for DKU-1009. | F140: Trial Data Analyst Agent | G140: citation_formatter_tool | H140: Compiled multi-agent outputs into a one-page report. | I140: 1159 | J140: 2558 | K140: 5 | L140: =FALSE() -> FALSE
A141: LOG-00140 | B141: SESS-1867 | C141: 2026-06-23 01:42:00 | D141: Medical Science Liaison | E141: Is there a hERG cardiotoxicity risk flagged for VLX-1036? | F141: Compound Similarity Agent | G141: escalation_notifier_tool | H141: Returned structured table with 3 matching records. | I141: 1722 | J141: 1703 | K141: 4 | L141: =FALSE() -> FALSE
A142: LOG-00141 | B142: SESS-1324 | C142: 2026-09-04 11:20:00 | D142: Regulatory Affairs Specialist | E142: Escalate any serious adverse events for TRL-0098 to the safety team. | F142: Adverse Event Triage Agent | G142: escalation_notifier_tool | H142: Retrieved 4 supporting document excerpts and generated a cited summary. | I142: 1813 | J142: 5839 | K142: 5 | L142: =FALSE() -> FALSE
A143: LOG-00142 | B143: SESS-1248 | C143: 2026-07-30 20:02:00 | D143: Regulatory Affairs Specialist | E143: Escalate any serious adverse events for TRL-0081 to the safety team. | F143: Literature & Document Research Agent | G143: vector_search_tool | H143: Retrieved 4 supporting document excerpts and generated a cited summary. | I143: 2449 | J143: 4028 | K143: 5 | L143: =FALSE() -> FALSE
A144: LOG-00143 | B144: SESS-1709 | C144: 2026-06-22 00:15:00 | D144: Clinical Operations Manager | E144: How many sites are actively recruiting for Metabolic Disease programs? | F144: Literature & Document Research Agent | G144: escalation_notifier_tool | H144: Computed similarity score and returned top 5 candidate compounds. | I144: 1055 | J144: 2858 | K144: 4 | L144: =FALSE() -> FALSE
A145: LOG-00144 | B145: SESS-1573 | C145: 2026-08-04 01:50:00 | D145: Medical Science Liaison | E145: Is there a hERG cardiotoxicity risk flagged for DKU-1056? | F145: Literature & Document Research Agent | G145: sql_query_tool | H145: Returned structured table with 3 matching records. | I145: 1426 | J145: 1901 | K145: 4 | L145: =FALSE() -> FALSE
A146: LOG-00145 | B146: SESS-1459 | C146: 2026-07-12 22:24:00 | D146: Data Scientist | E146: What did the latest literature review say about PCSK9 inhibitors? | F146: Report Writer Agent | G146: compound_similarity_tool | H146: Retrieved 4 supporting document excerpts and generated a cited summary. | I146: 2459 | J146: 1035 | K146: 4 | L146: =FALSE() -> FALSE
A147: LOG-00146 | B147: SESS-1795 | C147: 2026-07-15 14:10:00 | D147: Data Scientist | E147: Escalate any serious adverse events for TRL-0057 to the safety team. | F147: Trial Data Analyst Agent | G147: citation_formatter_tool | H147: No matching records found; suggested a broader query. | I147: 1160 | J147: 3329 | K147: 4 | L147: =FALSE() -> FALSE
A148: LOG-00147 | B148: SESS-1814 | C148: 2026-07-18 09:10:00 | D148: Regulatory Affairs Specialist | E148: Escalate any serious adverse events for TRL-0040 to the safety team. | F148: Report Writer Agent | G148: vector_search_tool | H148: Classified event severity and logged to review queue. | I148: 720 | J148: 515 | K148: 5 | L148: =FALSE() -> FALSE
... A218: LOG-00217 | B218: SESS-1943 | C218: 2026-06-15 19:47:00 | D218: Research Scientist | E218: Show me the lab results trend for SNF-1014 over the last 6 months. | F218: Report Writer Agent | G218: escalation_notifier_tool | H218: Computed similarity score and returned top 5 candidate compounds. | I218: 1125 | J218: 5128 | K218: 5 | L218: =FALSE() -> FALSE
A219: LOG-00218 | B219: SESS-1766 | C219: 2026-06-03 11:31:00 | D219: Research Scientist | E219: Summarize the most recent safety signal review for SNF-1126. | F219: Adverse Event Triage Agent | G219: vector_search_tool | H219: Retrieved 4 supporting document excerpts and generated a cited summary. | I219: 1687 | J219: 709 | K219: 4 | L219: =TRUE() -> TRUE
A220: LOG-00219 | B220: SESS-1434 | C220: 2026-06-21 16:36:00 | D220: Data Scientist | E220: Find compounds similar to AGN-1076 targeting ALK. | F220: Adverse Event Triage Agent | G220: statistics_tool | H220: Retrieved 4 supporting document excerpts and generated a cited summary. | I220: 583 | J220: 5865 | K220: 5 | L220: =TRUE() -> TRUE
A221: LOG-00220 | B221: SESS-1009 | C221: 2026-09-08 14:15:00 | D221: Regulatory Affairs Specialist | E221: Show me the lab results trend for VLX-1079 over the last 6 months. | F221: Adverse Event Triage Agent | G221: vector_search_tool | H221: Returned structured table with 3 matching records. | I221: 760 | J221: 2189 | K221: 5 | L221: =FALSE() -> FALSE
A222: LOG-00221 | B222: SESS-1535 | C222: 2026-07-20 08:29:00 | D222: Regulatory Affairs Specialist | E222: Is there a hERG cardiotoxicity risk flagged for DKU-1009? | F222: Literature & Document Research Agent | G222: escalation_notifier_tool | H222: Compiled multi-agent outputs into a one-page report. | I222: 2139 | J222: 3224 | K222: 4 | L222: =FALSE() -> FALSE
A223: LOG-00222 | B223: SESS-1144 | C223: 2026-07-01 05:01:00 | D223: Regulatory Affairs Specialist | E223: What did the latest literature review say about JAK2 inhibitors? | F223: Compound Similarity Agent | G223: escalation_notifier_tool | H223: Compiled multi-agent outputs into a one-page report. | I223: 2863 | J223: 5903 | K223: 3 | L223: =FALSE() -> FALSE
A224: LOG-00223 | B224: SESS-1531 | C224: 2026-08-07 14:01:00 | D224: Medical Science Liaison | E224: Find compounds similar to VLX-1079 targeting HER2. | F224: Compound Similarity Agent | G224: escalation_notifier_tool | H224: Classified event severity and logged to review queue. | I224: 835 | J224: 2663 | K224: 5 | L224: =FALSE() -> FALSE
A225: LOG-00224 | B225: SESS-1737 | C225: 2026-07-31 02:33:00 | D225: Clinical Operations Manager | E225: How many sites are actively recruiting for Immunology programs? | F225: Adverse Event Triage Agent | G225: vector_search_tool | H225: Retrieved 4 supporting document excerpts and generated a cited summary. | I225: 1462 | J225: 5223 | K225: 4 | L225: =FALSE() -> FALSE
A226: LOG-00225 | B226: SESS-1010 | C226: 2026-08-26 06:22:00 | D226: Regulatory Affairs Specialist | E226: Show me the lab results trend for PSA-1055 over the last 6 months. | F226: Report Writer Agent | G226: statistics_tool | H226: Computed similarity score and returned top 5 candidate compounds. | I226: 2837 | J226: 2031 | K226: 5 | L226: =FALSE() -> FALSE
A227: LOG-00226 | B227: SESS-1005 | C227: 2026-06-13 04:56:00 | D227: Regulatory Affairs Specialist | E227: What adverse events have been reported most frequently for Metabolic Disease trials this year? | F227: Trial Data Analyst Agent | G227: compound_similarity_tool | H227: No matching records found; suggested a broader query. | I227: 1974 | J227: 4648 | K227: 3 | L227: =FALSE() -> FALSE
A228: LOG-00227 | B228: SESS-1550 | C228: 2026-06-18 02:01:00 | D228: Data Scientist | E228: Find compounds similar to SNF-1081 targeting IL-6R. | F228: Trial Data Analyst Agent | G228: escalation_notifier_tool | H228: Classified event severity and logged to review queue. | I228: 834 | J228: 1926 | K228: 4 | L228: =FALSE() -> FALSE
A229: LOG-00228 | B229: SESS-1608 | C229: 2026-08-25 07:45:00 | D229: Clinical Operations Manager | E229: Summarize the most recent safety signal review for DKU-1085. | F229: Router / Planner Agent | G229: citation_formatter_tool | H229: Returned structured table with 3 matching records. | I229: 986 | J229: 1357 | K229: 5 | L229: =FALSE() -> FALSE
A230: LOG-00229 | B230: SESS-1353 | C230: 2026-07-12 03:32:00 | D230: Biostatistician | E230: What did the latest literature review say about PD-1 inhibitors? | F230: Report Writer Agent | G230: citation_formatter_tool | H230: Returned structured table with 3 matching records. | I230: 1758 | J230: 1695 | K230: 5 | L230: =FALSE() -> FALSE
A231: LOG-00230 | B231: SESS-1598 | C231: 2026-08-17 13:56:00 | D231: Biostatistician | E231: Find compounds similar to DKU-1074 targeting GLP-1R. | F231: Literature & Document Research Agent | G231: ae_severity_classifier_tool | H231: Classified event severity and logged to review queue. | I231: 1858 | J231: 1922 | K231: 4 | L231: =FALSE() -> FALSE
A232: LOG-00231 | B232: SESS-1956 | C232: 2026-08-13 09:54:00 | D232: Regulatory Affairs Specialist | E232: What did the latest literature review say about IL-6R inhibitors? | F232: Compound Similarity Agent | G232: statistics_tool | H232: Compiled multi-agent outputs into a one-page report. | I232: 1091 | J232: 4063 | K232: 5 | L232: =FALSE() -> FALSE
... A257: LOG-00256 | B257: SESS-1528 | C257: 2026-08-06 16:11:00 | D257: Research Scientist | E257: What adverse events have been reported most frequently for Immunology trials this year? | F257: Compound Similarity Agent | G257: escalation_notifier_tool | H257: No matching records found; suggested a broader query. | I257: 2912 | J257: 4109 | K257: 4 | L257: =FALSE() -> FALSE
A258: LOG-00257 | B258: SESS-1844 | C258: 2026-06-12 04:37:00 | D258: Medical Science Liaison | E258: Is there a hERG cardiotoxicity risk flagged for PSA-1103? | F258: Adverse Event Triage Agent | G258: statistics_tool | H258: Retrieved 4 supporting document excerpts and generated a cited summary. | I258: 1331 | J258: 4732 | K258: 5 | L258: =TRUE() -> TRUE
A259: LOG-00258 | B259: SESS-1045 | C259: 2026-08-20 17:14:00 | D259: Regulatory Affairs Specialist | E259: Draft a status report for TRL-0108 for the portfolio committee. | F259: Router / Planner Agent | G259: vector_search_tool | H259: Compiled multi-agent outputs into a one-page report. | I259: 1409 | J259: 4091 | K259: 5 | L259: =FALSE() -> FALSE
A260: LOG-00259 | B260: SESS-1177 | C260: 2026-08-14 12:02:00 | D260: Biostatistician | E260: Find compounds similar to VLX-1078 targeting CDK4/6. | F260: Report Writer Agent | G260: citation_formatter_tool | H260: No matching records found; suggested a broader query. | I260: 524 | J260: 4176 | K260: 5 | L260: =FALSE() -> FALSE
A261: LOG-00260 | B261: SESS-1120 | C261: 2026-08-03 20:09:00 | D261: Regulatory Affairs Specialist | E261: Which Phase II trials for Metabolic Disease are currently below 60% enrollment? | F261: Literature & Document Research Agent | G261: ae_severity_classifier_tool | H261: Computed similarity score and returned top 5 candidate compounds. | I261: 2147 | J261: 5486 | K261: 3 | L261: =FALSE() -> FALSE
...

Sheet Trials_Raw
A1: trial_id | B1: compound_id | C1: trial_phase | D1: therapeutic_area | E1: sponsor | F1: start_date | G1: planned_end_date | H1: actual_end_date | I1: status | J1: target_enrollment | K1: actual_enrollment | L1: primary_endpoint
A2: TRL-0001 | B2: CMP-0002 | C2: Phase III | D2: Metabolic Disease | E2: PharmaSense Global R&D | F2: 2024-02-01 | G2: 2025-03-08 | H2: 2025-03-08 | I2: Completed | J2: 525 | K2: 511 | L2: Reduction in LDL Cholesterol
A3: TRL-0002 | B3: CMP-0005 | C3: Phase II | D3: Infectious Disease | E3: PharmaSense Oncology Division | F3: 2025-07-19 | G3: 2026-08-01 | H3: 2026-08-01 | I3: Completed | J3: 333 | K3: 293 | L3: Time to Symptom Resolution
A4: TRL-0003 | B4: CMP-0006 | C4: Phase I | D4: Respiratory | E4: PharmaSense Oncology Division | F4: 2022-02-28 | G4: 2023-07-02 | H4: 2022-06-12 | I4: Terminated | J4: 44 | K4: 23 | L4: Reduction in LDL Cholesterol
A5: TRL-0004 | B5: CMP-0007 | C5: Phase I | D5: Cardiology | E5: PharmaSense Global R&D | F5: 2022-10-13 | G5: 2023-06-05 | H5: 2023-06-05 | I5: Completed | J5: 596 | K5: 521 | L5: Change in HbA1c from Baseline
A6: TRL-0005 | B6: CMP-0012 | C6: Phase II | D6: Metabolic Disease | E6: PharmaSense Global R&D | F6: 2025-01-21 | G6: 2025-11-02 | I6: Active, not recruiting | J6: 42 | K6: 31 | L6: Objective Response Rate (ORR)
A7: TRL-0006 | B7: CMP-0012 | C7: Phase II | D7: Metabolic Disease | E7: PharmaSense Global R&D | F7: 2023-03-12 | G7: 2025-01-10 | I7: Recruiting | J7: 481 | K7: 391 | L7: Change in HbA1c from Baseline
A8: TRL-0007 | B8: CMP-0015 | C8: Phase II | D8: Cardiology | E8: PharmaSense Therapeutics | F8: 2024-07-10 | G8: 2025-09-21 | H8: 2025-09-21 | I8: Completed | J8: 519 | K8: 493 | L8: Progression-Free Survival (PFS)
A9: TRL-0008 | B9: CMP-0017 | C9: Phase I | D9: Infectious Disease | E9: PharmaSense Therapeutics | F9: 2024-01-01 | G9: 2025-11-14 | I9: Recruiting | J9: 105 | K9: 43 | L9: Change in HbA1c from Baseline
A10: TRL-0009 | B10: CMP-0017 | C10: Phase I | D10: Infectious Disease | E10: PharmaSense Therapeutics | F10: 2024-04-12 | G10: 2025-03-10 | H10: 2025-03-10 | I10: Completed | J10: 341 | K10: 356 | L10: ACR20 Response Rate
A11: TRL-0010 | B11: CMP-0018 | C11: Phase II | D11: Oncology | E11: PharmaSense Oncology Division | F11: 2023-10-08 | G11: 2025-10-28 | H11: 2025-10-28 | I11: Completed | J11: 456 | K11: 411 | L11: Safety and Tolerability (MTD)
A12: TRL-0011 | B12: CMP-0019 | C12: Phase II | D12: Infectious Disease | E12: PharmaSense Neuroscience Unit | F12: 2025-04-27 | G12: 2027-01-20 | H12: 2027-01-20 | I12: Completed | J12: 334 | K12: 319 | L12: Reduction in LDL Cholesterol
A13: TRL-0012 | B13: CMP-0019 | C13: Phase II | D13: Infectious Disease | E13: PharmaSense Therapeutics | F13: 2023-04-24 | G13: 2025-05-25 | H13: 2025-05-25 | I13: Completed | J13: 91 | K13: 79 | L13: ACR20 Response Rate
A14: TRL-0013 | B14: CMP-0020 | C14: Phase I | D14: Metabolic Disease | E14: PharmaSense Oncology Division | F14: 2025-02-09 | G14: 2026-05-05 | H14: 2026-05-05 | I14: Completed | J14: 113 | K14: 108 | L14: ACR20 Response Rate
A15: TRL-0014 | B15: CMP-0023 | C15: Phase II | D15: Infectious Disease | E15: PharmaSense Oncology Division | F15: 2023-01-08 | G15: 2025-01-22 | I15: Suspended | J15: 106 | K15: 48 | L15: Overall Survival (OS)
A16: TRL-0015 | B16: CMP-0024 | C16: Phase III | D16: Metabolic Disease | E16: PharmaSense Global R&D | F16: 2022-12-05 | G16: 2024-09-06 | H16: 2024-09-06 | I16: Completed | J16: 511 | K16: 529 | L16: Overall Survival (OS)
A17: TRL-0016 | B17: CMP-0024 | C17: Phase III | D17: Metabolic Disease | E17: PharmaSense Global R&D | F17: 2022-04-18 | G17: 2023-06-09 | I17: Recruiting | J17: 325 | K17: 293 | L17: Objective Response Rate (ORR)
A18: TRL-0017 | B18: CMP-0026 | C18: Phase IV | D18: Respiratory | E18: PharmaSense Oncology Division | F18: 2022-08-23 | G18: 2025-01-22 | H18: 2025-01-22 | I18: Completed | J18: 269 | K18: 232 | L18: Safety and Tolerability (MTD)
A19: TRL-0018 | B19: CMP-0027 | C19: Phase II | D19: Cardiology | E19: PharmaSense Oncology Division | F19: 2022-04-16 | G19: 2024-04-22 | I19: Active, not recruiting | J19: 260 | K19: 190 | L19: Reduction in LDL Cholesterol
A20: TRL-0019 | B20: CMP-0029 | C20: Phase II | D20: Oncology | E20: PharmaSense Oncology Division | F20: 2024-04-20 | G20: 2024-12-29 | I20: Recruiting | J20: 91 | K20: 57 | L20: Reduction in LDL Cholesterol
A21: TRL-0020 | B21: CMP-0032 | C21: Phase IV | D21: Respiratory | E21: PharmaSense Global R&D | F21: 2025-05-25 | G21: 2027-02-13 | I21: Active, not recruiting | J21: 157 | K21: 104 | L21: Safety and Tolerability (MTD)
A22: TRL-0021 | B22: CMP-0034 | C22: Phase II | D22: Neurology | E22: PharmaSense Neuroscience Unit | F22: 2022-08-10 | G22: 2024-07-02 | I22: Recruiting | J22: 582 | K22: 496 | L22: Objective Response Rate (ORR)
A23: TRL-0022 | B23: CMP-0035 | C23: Phase II | D23: Infectious Disease | E23: PharmaSense Neuroscience Unit | F23: 2022-10-04 | G23: 2024-12-04 | I23: Suspended | J23: 70 | K23: 64 | L23: Time to Symptom Resolution
A24: TRL-0023 | B24: CMP-0036 | C24: Phase III | D24: Metabolic Disease | E24: PharmaSense Therapeutics | F24: 2024-01-20 | G24: 2024-08-13 | H24: 2024-08-13 | I24: Completed | J24: 123 | K24: 107 | L24: Reduction in LDL Cholesterol
A25: TRL-0024 | B25: CMP-0037 | C25: Phase IV | D25: Cardiology | E25: PharmaSense Global R&D | F25: 2025-03-20 | G25: 2026-03-14 | H25: 2026-03-14 | I25: Completed | J25: 511 | K25: 436 | L25: Change in HbA1c from Baseline
A26: TRL-0025 | B26: CMP-0038 | C26: Phase I | D26: Neurology | E26: PharmaSense Therapeutics | F26: 2026-06-08 | G26: 2028-09-15 | I26: Recruiting | J26: 533 | K26: 235 | L26: Objective Response Rate (ORR)
A27: TRL-0026 | B27: CMP-0038 | C27: Phase I | D27: Neurology | E27: PharmaSense Global R&D | F27: 2024-04-01 | G27: 2025-09-19 | I27: Active, not recruiting | J27: 448 | K27: 348 | L27: Time to Symptom Resolution
A28: TRL-0027 | B28: CMP-0039 | C28: Phase III | D28: Neurology | E28: PharmaSense Neuroscience Unit | F28: 2023-01-30 | G28: 2024-01-09 | H28: 2024-01-09 | I28: Completed | J28: 367 | K28: 344 | L28: Objective Response Rate (ORR)
A29: TRL-0028 | B29: CMP-0040 | C29: Phase III | D29: Metabolic Disease | E29: PharmaSense Neuroscience Unit | F29: 2022-03-13 | G29: 2024-07-18 | I29: Active, not recruiting | J29: 440 | K29: 417 | L29: Progression-Free Survival (PFS)
A30: TRL-0029 | B30: CMP-0043 | C30: Phase I | D30: Infectious Disease | E30: PharmaSense Therapeutics | F30: 2022-08-26 | G30: 2023-11-07 | I30: Active, not recruiting | J30: 361 | K30: 194 | L30: Safety and Tolerability (MTD)
A31: TRL-0030 | B31: CMP-0045 | C31: Phase I | D31: Immunology | E31: PharmaSense Neuroscience Unit | F31: 2022-10-23 | G31: 2025-02-22 | I31: Recruiting | J31: 585 | K31: 465 | L31: Safety and Tolerability (MTD)
A32: TRL-0031 | B32: CMP-0048 | C32: Phase II | D32: Neurology | E32: PharmaSense Global R&D | F32: 2022-07-31 | G32: 2023-08-07 | H32: 2023-08-07 | I32: Completed | J32: 560 | K32: 500 | L32: Objective Response Rate (ORR)
A33: TRL-0032 | B33: CMP-0051 | C33: Phase II | D33: Neurology | E33: PharmaSense Global R&D | F33: 2021-10-12 | G33: 2022-06-01 | I33: Recruiting | J33: 238 | K33: 169 | L33: Change in HbA1c from Baseline
A34: TRL-0033 | B34: CMP-0051 | C34: Phase II | D34: Neurology | E34: PharmaSense Neuroscience Unit | F34: 2024-04-17 | G34: 2025-08-04 | H34: 2025-08-04 | I34: Completed | J34: 478 | K34: 432 | L34: Progression-Free Survival (PFS)
A35: TRL-0034 | B35: CMP-0052 | C35: Phase I | D35: Respiratory | E35: PharmaSense Oncology Division | F35: 2023-01-14 | G35: 2025-04-18 | I35: Suspended | J35: 275 | K35: 86 | L35: Reduction in LDL Cholesterol
A36: TRL-0035 | B36: CMP-0053 | C36: Phase II | D36: Respiratory | E36: PharmaSense Therapeutics | F36: 2026-06-04 | G36: 2028-06-18 | I36: Active, not recruiting | J36: 447 | K36: 405 | L36: ACR20 Response Rate
A37: TRL-0036 | B37: CMP-0054 | C37: Phase III | D37: Neurology | E37: PharmaSense Neuroscience Unit | F37: 2024-05-21 | G37: 2026-03-04 | I37: Active, not recruiting | J37: 150 | K37: 101 | L37: Reduction in LDL Cholesterol
A38: TRL-0037 | B38: CMP-0055 | C38: Phase II | D38: Oncology | E38: PharmaSense Neuroscience Unit | F38: 2025-01-31 | G38: 2026-09-28 | I38: Active, not recruiting | J38: 524 | K38: 212 | L38: ACR20 Response Rate
A39: TRL-0038 | B39: CMP-0056 | C39: Phase III | D39: Oncology | E39: PharmaSense Neuroscience Unit | F39: 2022-04-28 | G39: 2024-05-11 | I39: Suspended | J39: 178 | K39: 90 | L39: ACR20 Response Rate
A40: TRL-0039 | B40: CMP-0056 | C40: Phase III | D40: Oncology | E40: PharmaSense Oncology Division | F40: 2025-11-29 | G40: 2028-01-31 | H40: 2026-07-30 | I40: Terminated | J40: 550 | K40: 118 | L40: Progression-Free Survival (PFS)
A41: TRL-0040 | B41: CMP-0058 | C41: Phase II | D41: Infectious Disease | E41: PharmaSense Global R&D | F41: 2024-02-01 | G41: 2025-09-27 | I41: Recruiting | J41: 378 | K41: 260 | L41: Overall Survival (OS)
A42: TRL-0041 | B42: CMP-0060 | C42: Phase I | D42: Metabolic Disease | E42: PharmaSense Oncology Division | F42: 2025-12-07 | G42: 2027-04-06 | I42: Active, not recruiting | J42: 531 | K42: 450 | L42: Objective Response Rate (ORR)
A43: TRL-0042 | B43: CMP-0063 | C43: Phase IV | D43: Infectious Disease | E43: PharmaSense Neuroscience Unit | F43: 2024-06-27 | G43: 2025-12-12 | I43: Active, not recruiting | J43: 370 | K43: 342 | L43: Time to Symptom Resolution
A44: TRL-0043 | B44: CMP-0063 | C44: Phase IV | D44: Infectious Disease | E44: PharmaSense Oncology Division | F44: 2023-12-25 | G44: 2025-01-01 | I44: Recruiting | J44: 274 | K44: 233 | L44: Safety and Tolerability (MTD)
A45: TRL-0044 | B45: CMP-0064 | C45: Phase IV | D45: Cardiology | E45: PharmaSense Neuroscience Unit | F45: 2023-11-04 | G45: 2025-03-23 | H45: 2025-03-23 | I45: Completed | J45: 514 | K45: 516 | L45: Change in HbA1c from Baseline
A46: TRL-0045 | B46: CMP-0065 | C46: Phase I | D46: Cardiology | E46: PharmaSense Global R&D | F46: 2022-08-08 | G46: 2023-03-13 | H46: 2023-03-13 | I46: Completed | J46: 159 | K46: 159 | L46: Progression-Free Survival (PFS)
A47: TRL-0046 | B47: CMP-0065 | C47: Phase I | D47: Cardiology | E47: PharmaSense Neuroscience Unit | F47: 2021-12-16 | G47: 2023-09-07 | H47: 2023-09-07 | I47: Completed | J47: 132 | K47: 115 | L47: Overall Survival (OS)
A48: TRL-0047 | B48: CMP-0068 | C48: Phase III | D48: Neurology | E48: PharmaSense Therapeutics | F48: 2026-04-06 | G48: 2027-11-26 | I48: Recruiting | J48: 188 | K48: 167 | L48: Objective Response Rate (ORR)
A49: TRL-0048 | B49: CMP-0069 | C49: Phase III | D49: Cardiology | E49: PharmaSense Therapeutics | F49: 2024-01-09 | G49: 2025-06-18 | H49: 2025-06-18 | I49: Completed | J49: 437 | K49: 441 | L49: Time to Symptom Resolution
A50: TRL-0049 | B50: CMP-0071 | C50: Phase II | D50: Respiratory | E50: PharmaSense Therapeutics | F50: 2025-09-08 | G50: 2027-01-25 | I50: Active, not recruiting | J50: 529 | K50: 152 | L50: Progression-Free Survival (PFS)
A51: TRL-0050 | B51: CMP-0071 | C51: Phase II | D51: Respiratory | E51: PharmaSense Oncology Division | F51: 2023-08-26 | G51: 2024-10-19 | I51: Recruiting | J51: 324 | K51: 231 | L51: Progression-Free Survival (PFS)
A52: TRL-0051 | B52: CMP-0072 | C52: Phase III | D52: Infectious Disease | E52: PharmaSense Neuroscience Unit | F52: 2022-01-25 | G52: 2022-11-01 | I52: Active, not recruiting | J52: 132 | K52: 46 | L52: Change in HbA1c from Baseline
A53: TRL-0052 | B53: CMP-0072 | C53: Phase III | D53: Infectious Disease | E53: PharmaSense Therapeutics | F53: 2024-10-03 | G53: 2027-03-12 | I53: Active, not recruiting | J53: 336 | K53: 83 | L53: Overall Survival (OS)
A54: TRL-0053 | B54: CMP-0073 | C54: Phase II | D54: Metabolic Disease | E54: PharmaSense Global R&D | F54: 2021-12-20 | G54: 2022-08-14 | H54: 2022-08-14 | I54: Completed | J54: 330 | K54: 298 | L54: Time to Symptom Resolution
A55: TRL-0054 | B55: CMP-0074 | C55: Phase I | D55: Infectious Disease | E55: PharmaSense Neuroscience Unit | F55: 2022-06-07 | G55: 2023-05-02 | H55: 2023-05-02 | I55: Completed | J55: 280 | K55: 255 | L55: Change in HbA1c from Baseline
A56: TRL-0055 | B56: CMP-0074 | C56: Phase I | D56: Infectious Disease | E56: PharmaSense Therapeutics | F56: 2024-06-07 | G56: 2025-05-27 | I56: Active, not recruiting | J56: 209 | K56: 43 | L56: Safety and Tolerability (MTD)
A57: TRL-0056 | B57: CMP-0076 | C57: Phase III | D57: Metabolic Disease | E57: PharmaSense Neuroscience Unit | F57: 2023-03-07 | G57: 2025-01-24 | I57: Recruiting | J57: 176 | K57: 87 | L57: Reduction in LDL Cholesterol
A58: TRL-0057 | B58: CMP-0078 | C58: Phase I | D58: Oncology | E58: PharmaSense Neuroscience Unit | F58: 2026-07-09 | G58: 2027-09-23 | I58: Active, not recruiting | J58: 39 | K58: 25 | L58: Reduction in LDL Cholesterol
A59: TRL-0058 | B59: CMP-0078 | C59: Phase I | D59: Oncology | E59: PharmaSense Oncology Division | F59: 2022-04-14 | G59: 2024-09-03 | I59: Active, not recruiting | J59: 589 | K59: 424 | L59: Progression-Free Survival (PFS)
A60: TRL-0059 | B60: CMP-0080 | C60: Phase III | D60: Immunology | E60: PharmaSense Neuroscience Unit | F60: 2025-05-29 | G60: 2026-11-13 | H60: 2025-09-23 | I60: Terminated | J60: 336 | K60: 164 | L60: Reduction in LDL Cholesterol
A61: TRL-0060 | B61: CMP-0080 | C61: Phase III | D61: Immunology | E61: PharmaSense Oncology Division | F61: 2024-08-23 | G61: 2026-06-01 | I61: Active, not recruiting | J61: 339 | K61: 94 | L61: Safety and Tolerability (MTD)
A62: TRL-0061 | B62: CMP-0082 | C62: Phase II | D62: Metabolic Disease | E62: PharmaSense Neuroscience Unit | F62: 2025-07-15 | G62: 2026-04-30 | I62: Recruiting | J62: 272 | K62: 255 | L62: Time to Symptom Resolution
A63: TRL-0062 | B63: CMP-0082 | C63: Phase II | D63: Metabolic Disease | E63: PharmaSense Global R&D | F63: 2022-10-20 | G63: 2024-11-26 | I63: Recruiting | J63: 332 | K63: 190 | L63: Overall Survival (OS)
A64: TRL-0063 | B64: CMP-0088 | C64: Phase I | D64: Immunology | E64: PharmaSense Therapeutics | F64: 2024-03-28 | G64: 2025-07-02 | H64: 2025-07-02 | I64: Completed | J64: 38 | K64: 37 | L64: Objective Response Rate (ORR)
A65: TRL-0064 | B65: CMP-0088 | C65: Phase I | D65: Immunology | E65: PharmaSense Global R&D | F65: 2023-11-22 | G65: 2025-03-09 | H65: 2025-03-09 | I65: Completed | J65: 265 | K65: 225 | L65: ACR20 Response Rate
A66: TRL-0065 | B66: CMP-0089 | C66: Phase III | D66: Metabolic Disease | E66: PharmaSense Oncology Division | F66: 2023-11-08 | G66: 2026-01-31 | I66: Active, not recruiting | J66: 286 | K66: 168 | L66: Progression-Free Survival (PFS)
A67: TRL-0066 | B67: CMP-0093 | C67: Phase III | D67: Metabolic Disease | E67: PharmaSense Therapeutics | F67: 2025-11-14 | G67: 2027-03-25 | I67: Recruiting | J67: 481 | K67: 222 | L67: Time to Symptom Resolution
A68: TRL-0067 | B68: CMP-0097 | C68: Phase I | D68: Metabolic Disease | E68: PharmaSense Global R&D | F68: 2026-07-02 | G68: 2027-03-31 | I68: Recruiting | J68: 332 | K68: 85 | L68: Safety and Tolerability (MTD)
A69: TRL-0068 | B69: CMP-0099 | C69: Phase I | D69: Neurology | E69: PharmaSense Global R&D | F69: 2023-03-10 | G69: 2024-03-29 | I69: Active, not recruiting | J69: 165 | K69: 49 | L69: Reduction in LDL Cholesterol
A70: TRL-0069 | B70: CMP-0101 | C70: Phase III | D70: Infectious Disease | E70: PharmaSense Global R&D | F70: 2024-09-18 | G70: 2025-12-05 | H70: 2025-12-05 | I70: Completed | J70: 523 | K70: 516 | L70: Time to Symptom Resolution
A71: TRL-0070 | B71: CMP-0102 | C71: Phase II | D71: Neurology | E71: PharmaSense Oncology Division | F71: 2024-08-29 | G71: 2026-06-19 | H71: 2026-06-19 | I71: Completed | J71: 107 | K71: 95 | L71: ACR20 Response Rate
A72: TRL-0071 | B72: CMP-0103 | C72: Phase III | D72: Respiratory | E72: PharmaSense Neuroscience Unit | F72: 2025-04-16 | G72: 2027-05-06 | I72: Recruiting | J72: 404 | K72: 112 | L72: Overall Survival (OS)
A73: TRL-0072 | B73: CMP-0103 | C73: Phase III | D73: Respiratory | E73: PharmaSense Neuroscience Unit | F73: 2026-04-18 | G73: 2027-07-12 | H73: 2027-07-12 | I73: Completed | J73: 579 | K73: 573 | L73: Time to Symptom Resolution
A74: TRL-0073 | B74: CMP-0106 | C74: Phase I | D74: Metabolic Disease | E74: PharmaSense Global R&D | F74: 2022-09-19 | G74: 2024-11-05 | I74: Recruiting | J74: 420 | K74: 378 | L74: Progression-Free Survival (PFS)
A75: TRL-0074 | B75: CMP-0111 | C75: Phase I | D75: Neurology | E75: PharmaSense Global R&D | F75: 2022-09-24 | G75: 2024-07-17 | I75: Recruiting | J75: 55 | K75: 33 | L75: ACR20 Response Rate
A76: TRL-0075 | B76: CMP-0113 | C76: Phase I | D76: Immunology | E76: PharmaSense Global R&D | F76: 2024-11-26 | G76: 2027-03-06 | H76: 2027-03-06 | I76: Completed | J76: 505 | K76: 517 | L76: Safety and Tolerability (MTD)
A77: TRL-0076 | B77: CMP-0114 | C77: Phase III | D77: Respiratory | E77: PharmaSense Global R&D | F77: 2022-06-21 | G77: 2023-05-10 | H77: 2023-05-10 | I77: Completed | J77: 76 | K77: 76 | L77: Objective Response Rate (ORR)
A78: TRL-0077 | B78: CMP-0115 | C78: Phase II | D78: Oncology | E78: PharmaSense Oncology Division | F78: 2022-07-21 | G78: 2023-04-26 | I78: Active, not recruiting | J78: 270 | K78: 219 | L78: Safety and Tolerability (MTD)
A79: TRL-0078 | B79: CMP-0117 | C79: Phase II | D79: Immunology | E79: PharmaSense Neuroscience Unit | F79: 2022-01-27 | G79: 2023-08-09 | I79: Recruiting | J79: 583 | K79: 507 | L79: Change in HbA1c from Baseline
A80: TRL-0079 | B80: CMP-0117 | C80: Phase II | D80: Immunology | E80: PharmaSense Neuroscience Unit | F80: 2021-09-21 | G80: 2023-05-18 | H80: 2023-05-18 | I80: Completed | J80: 131 | K80: 132 | L80: Safety and Tolerability (MTD)
A81: TRL-0080 | B81: CMP-0118 | C81: Phase III | D81: Metabolic Disease | E81: PharmaSense Neuroscience Unit | F81: 2023-11-22 | G81: 2024-06-22 | I81: Active, not recruiting | J81: 409 | K81: 279 | L81: Objective Response Rate (ORR)
A82: TRL-0081 | B82: CMP-0119 | C82: Phase III | D82: Infectious Disease | E82: PharmaSense Global R&D | F82: 2024-08-01 | G82: 2026-02-03 | H82: 2026-02-03 | I82: Completed | J82: 131 | K82: 130 | L82: Time to Symptom Resolution
A83: TRL-0082 | B83: CMP-0120 | C83: Phase I | D83: Oncology | E83: PharmaSense Oncology Division | F83: 2023-02-13 | G83: 2024-09-22 | I83: Recruiting | J83: 312 | K83: 76 | L83: Progression-Free Survival (PFS)
A84: TRL-0083 | B84: CMP-0121 | C84: Phase III | D84: Oncology | E84: PharmaSense Therapeutics | F84: 2022-10-31 | G84: 2023-07-31 | I84: Recruiting | J84: 247 | K84: 78 | L84: Overall Survival (OS)
A85: TRL-0084 | B85: CMP-0121 | C85: Phase III | D85: Oncology | E85: PharmaSense Oncology Division | F85: 2025-02-17 | G85: 2026-07-23 | H85: 2026-02-10 | I85: Terminated | J85: 279 | K85: 58 | L85: ACR20 Response Rate
A86: TRL-0085 | B86: CMP-0122 | C86: Phase I | D86: Cardiology | E86: PharmaSense Oncology Division | F86: 2025-02-10 | G86: 2027-02-27 | I86: Active, not recruiting | J86: 242 | K86: 81 | L86: ACR20 Response Rate
A87: TRL-0086 | B87: CMP-0124 | C87: Phase III | D87: Oncology | E87: PharmaSense Global R&D | F87: 2023-11-28 | G87: 2024-10-24 | H87: 2024-10-24 | I87: Completed | J87: 32 | K87: 31 | L87: Change in HbA1c from Baseline
A88: TRL-0087 | B88: CMP-0126 | C88: Phase II | D88: Oncology | E88: PharmaSense Oncology Division | F88: 2025-01-13 | G88: 2027-01-16 | I88: Active, not recruiting | J88: 286 | K88: 176 | L88: Progression-Free Survival (PFS)
A89: TRL-0088 | B89: CMP-0127 | C89: Phase II | D89: Metabolic Disease | E89: PharmaSense Global R&D | F89: 2026-03-07 | G89: 2027-01-15 | H89: 2027-01-15 | I89: Completed | J89: 45 | K89: 40 | L89: ACR20 Response Rate
A90: TRL-0089 | B90: CMP-0128 | C90: Phase I | D90: Respiratory | E90: PharmaSense Global R&D | F90: 2025-07-10 | G90: 2026-01-22 | I90: Suspended | J90: 208 | K90: 193 | L90: Overall Survival (OS)
A91: TRL-0090 | B91: CMP-0129 | C91: Phase I | D91: Metabolic Disease | E91: PharmaSense Therapeutics | F91: 2024-09-25 | G91: 2026-05-29 | H91: 2026-05-29 | I91: Completed | J91: 568 | K91: 505 | L91: Progression-Free Survival (PFS)
A92: TRL-0091 | B92: CMP-0131 | C92: Phase I | D92: Oncology | E92: PharmaSense Therapeutics | F92: 2024-11-28 | G92: 2026-08-29 | H92: 2026-08-29 | I92: Completed | J92: 400 | K92: 345 | L92: Objective Response Rate (ORR)
A93: TRL-0092 | B93: CMP-0131 | C93: Phase I | D93: Oncology | E93: PharmaSense Therapeutics | F93: 2026-03-24 | G93: 2028-02-17 | I93: Recruiting | J93: 256 | K93: 100 | L93: Reduction in LDL Cholesterol
A94: TRL-0093 | B94: CMP-0133 | C94: Phase I | D94: Infectious Disease | E94: PharmaSense Therapeutics | F94: 2023-10-08 | G94: 2026-01-23 | I94: Active, not recruiting | J94: 61 | K94: 51 | L94: Objective Response Rate (ORR)
A95: TRL-0094 | B95: CMP-0133 | C95: Phase I | D95: Infectious Disease | E95: PharmaSense Therapeutics | F95: 2024-05-06 | G95: 2025-12-18 | H95: 2025-12-18 | I95: Completed | J95: 466 | K95: 465 | L95: Objective Response Rate (ORR)
A96: TRL-0095 | B96: CMP-0134 | C96: Phase IV | D96: Cardiology | E96: PharmaSense Oncology Division | F96: 2024-11-04 | G96: 2025-07-17 | I96: Active, not recruiting | J96: 112 | K96: 51 | L96: Progression-Free Survival (PFS)
A97: TRL-0096 | B97: CMP-0134 | C97: Phase IV | D97: Cardiology | E97: PharmaSense Neuroscience Unit | F97: 2026-02-08 | G97: 2026-12-14 | I97: Active, not recruiting | J97: 311 | K97: 292 | L97: Reduction in LDL Cholesterol
A98: TRL-0097 | B98: CMP-0135 | C98: Phase I | D98: Cardiology | E98: PharmaSense Therapeutics | F98: 2025-09-16 | G98: 2027-08-14 | I98: Recruiting | J98: 470 | K98: 399 | L98: Progression-Free Survival (PFS)
A99: TRL-0098 | B99: CMP-0135 | C99: Phase I | D99: Cardiology | E99: PharmaSense Oncology Division | F99: 2022-01-21 | G99: 2024-05-20 | H99: 2024-05-20 | I99: Completed | J99: 594 | K99: 557 | L99: Safety and Tolerability (MTD)
A100: TRL-0099 | B100: CMP-0137 | C100: Phase II | D100: Respiratory | E100: PharmaSense Global R&D | F100: 2022-07-07 | G100: 2023-08-24 | H100: 2023-08-24 | I100: Completed | J100: 453 | K100: 429 | L100: Objective Response Rate (ORR)
...

Sheet AE_Raw
A1: event_id | B1: trial_id | C1: site_id | D1: patient_code | E1: event_date | F1: adverse_event_term | G1: severity | H1: seriousness | I1: causality_assessment | J1: outcome | K1: reported_by
A2: AE-00001 | B2: TRL-0056 | C2: SITE-00193 | D2: PT-77302 | E2: 2023-09-04 | F2: Cough | G2: Mild | H2: Non-serious | I2: Related | J2: Resolving | K2: Dr. Oconnor
A3: AE-00002 | B3: TRL-0002 | C3: SITE-00003 | D3: PT-25587 | E3: 2026-03-26 | F3: Insomnia | G3: Mild | H3: Non-serious | I3: Related | J3: Resolved | K3: Dr. Cox
A4: AE-00003 | B4: TRL-0097 | C4: SITE-00333 | D4: PT-49537 | E4: 2024-02-13 | F4: Headache | G4: Mild | H4: Non-serious | I4: Related | J4: Resolved | K4: Dr. Wagner
A5: AE-00004 | B5: TRL-0043 | C5: SITE-00153 | D5: PT-88878 | E5: 2026-05-15 | F5: Diarrhea | G5: Moderate | H5: Non-serious | I5: Possibly Related | J5: Resolved | K5: Dr. Valdez
A6: AE-00005 | B6: TRL-0093 | C6: SITE-00320 | D6: PT-97896 | E6: 2025-02-17 | F6: Dizziness | G6: Moderate | H6: Non-serious | I6: Related | J6: Resolved | K6: Dr. Cole
A7: AE-00006 | B7: TRL-0097 | C7: SITE-00332 | D7: PT-29078 | E7: 2024-05-21 | F7: Insomnia | G7: Moderate | H7: Non-serious | I7: Unlikely Related | J7: Resolving | K7: Dr. Hudson
A8: AE-00007 | B8: TRL-0096 | C8: SITE-00330 | D8: PT-31044 | E8: 2026-01-07 | F8: Decreased Appetite | G8: Moderate | H8: Non-serious | I8: Possibly Related | J8: Ongoing | K8: Dr. Martinez
A9: AE-00008 | B9: TRL-0059 | C9: SITE-00203 | D9: PT-84741 | E9: 2024-11-10 | F9: Fatigue | G9: Mild | H9: Non-serious | I9: Related | J9: Ongoing | K9: Dr. Frank
A10: AE-00009 | B10: TRL-0088 | C10: SITE-00305 | D10: PT-11832 | E10: 2024-05-05 | F10: Decreased Appetite | G10: Moderate | H10: Non-serious | I10: Possibly Related | J10: Ongoing | K10: Dr. Richards
A11: AE-00010 | B11: TRL-0078 | C11: SITE-00268 | D11: PT-35106 | E11: 2023-04-07 | F11: Peripheral Neuropathy | G11: Mild | H11: Non-serious | I11: Possibly Related | J11: Ongoing | K11: Dr. Green
A12: AE-00011 | B12: TRL-0091 | C12: SITE-00313 | D12: PT-22934 | E12: 2023-11-10 | F12: Diarrhea | G12: Severe | H12: Non-serious | I12: Not Related | J12: Resolving | K12: Dr. Edwards
... A501: AE-00500 | B501: TRL-0038 | C501: SITE-00137 | D501: PT-26272 | E501: 2025-11-24 | F501: Myalgia | G501: Mild | H501: Non-serious | I501: Not Related | J501: Resolved | K501: Dr. Kaufman

Sheet Sites_Raw
A1: site_id | B1: trial_id | C1: site_name | D1: country | E1: principal_investigator | F1: enrollment_count | G1: site_status
A2: SITE-00001 | B2: TRL-0001 | C2: South Jessicaview Medical Center | D2: India | E2: Dr. Johnson | F2: 375 | G2: Pending Activation
A3: SITE-00002 | B3: TRL-0001 | C3: Lake Mary Community Health Network | D3: United Kingdom | E3: Dr. Johnston | F3: 193 | G3: Closed
A4: SITE-00003 | B4: TRL-0002 | C4: Port Emilyview Regional Cancer Center | D4: Brazil | E4: Dr. Johnston | F4: 84 | G4: Active
A5: SITE-00004 | B5: TRL-0002 | C5: South April University Hospital | D5: Japan | E5: Dr. Ramos | F5: 60 | G5: Pending Activation
A6: SITE-00005 | B6: TRL-0002 | C6: Howardshire University Hospital | D6: Spain | E6: Dr. Graham | F6: 93 | G6: Pending Activation
A7: SITE-00006 | B7: TRL-0002 | C7: Costafort Medical Center | D7: United States | E7: Dr. Bailey | F7: 46 | G7: Active
A8: SITE-00007 | B8: TRL-0003 | C8: Manuelville Community Health Network | D8: United States | E8: Dr. Hodge | F8: 16 | G8: Pending Activation
A9: SITE-00008 | B9: TRL-0003 | C9: Robertfort Medical Center | D9: Japan | E9: Dr. Roberts | F9: 10 | G9: Closed
A10: SITE-00009 | B10: TRL-0004 | C10: Cervantesside Regional Cancer Center | D10: Australia | E10: Dr. Johnson | F10: 63 | G10: Pending Activation
A11: SITE-00010 | B11: TRL-0004 | C11: West Johnnyville Regional Cancer Center | D11: Canada | E11: Dr. Cordova | F11: 49 | G11: Closed
A12: SITE-00011 | B12: TRL-0004 | C12: Hancocktown Clinical Research Institute | D12: South Africa | E12: Dr. Sandoval | F12: 58 | G12: Active
A13: SITE-00012 | B13: TRL-0004 | C13: Gutierrezborough University Hospital | D13: Canada | E13: Dr. Stone | F13: 88 | G13: Active
... A376: SITE-00375 | B376: TRL-0110 | C376: Rhodesside Community Health Network | D376: United Kingdom | E376: Dr. Rivera | F376: 31 | G376: Closed
